{"0.6658488638494349":{"user_id":6},"0.07637103184941729":{"user_id":1}}